-- ============================================================
-- Organization
-- ============================================================
INSERT INTO organizations (id, name, segment, config) VALUES
('supra', 'Supra Multi-Specialty Hospital', 'hospital',
 '{"derivability_threshold": 0.7, "max_candidate_set": 50, "token_budget": 4000}');

-- ============================================================
-- 15-Level Hierarchy (DAG structure)
-- ============================================================
INSERT INTO hierarchy_levels (id, org_id, level_number, level_name, department, parent_ids, zone) VALUES
('HL-01', 'supra', 1, 'Hospital', NULL, '{}', 1),
('HL-03-CLIN', 'supra', 3, 'Clinical Division', NULL, '{"HL-01"}', 1),
('HL-03-ADMIN', 'supra', 3, 'Administrative Division', NULL, '{"HL-01"}', 1),
('HL-05-ORTHO', 'supra', 5, 'Orthopaedics Department', 'ortho', '{"HL-03-CLIN"}', 1),
('HL-05-MED', 'supra', 5, 'General Medicine Department', 'medicine', '{"HL-03-CLIN"}', 1),
('HL-05-CARDIO', 'supra', 5, 'Cardiology Department', 'cardiology', '{"HL-03-CLIN"}', 1),
('HL-05-PAEDS', 'supra', 5, 'Paediatrics Department', 'paediatrics', '{"HL-03-CLIN"}', 1),
('HL-05-SURG', 'supra', 5, 'Surgery Department', 'surgery', '{"HL-03-CLIN"}', 1),
('HL-05-ICU', 'supra', 5, 'ICU Department', 'icu', '{"HL-03-CLIN"}', 1),
('HL-08-ORTHO-GEN', 'supra', 8, 'Ortho General', 'ortho', '{"HL-05-ORTHO"}', 1),
('HL-08-ORTHO-TKR', 'supra', 8, 'Ortho TKR Unit', 'ortho', '{"HL-05-ORTHO"}', 1),
('HL-08-MED-GEN', 'supra', 8, 'Medicine General', 'medicine', '{"HL-05-MED"}', 1),
('HL-08-CARDIO-CCU', 'supra', 8, 'Cardiac Care Unit', 'cardiology', '{"HL-05-CARDIO"}', 1),
('HL-10-ORTHO-W', 'supra', 10, 'Ortho Ward', 'ortho', '{"HL-08-ORTHO-GEN"}', 1),
('HL-10-MED-W', 'supra', 10, 'Medicine Ward', 'medicine', '{"HL-08-MED-GEN"}', 1),
('HL-10-PAEDS-W', 'supra', 10, 'Paediatrics Ward', 'paediatrics', '{"HL-05-PAEDS"}', 1),
('HL-12-RAJAN', 'supra', 12, 'Patient: Rajan', 'ortho', '{"HL-10-ORTHO-W"}', 1),
('HL-12-PADMA', 'supra', 12, 'Patient: Padma', 'medicine', '{"HL-10-MED-W"}', 1),
('HL-08-POST-TKR', 'supra', 8, 'Post-TKR Protocol Area', 'ortho', '{"HL-05-ORTHO", "HL-05-SURG"}', 1),
('HL-GLOBAL', 'supra', 3, 'Global Constraints', NULL, '{"HL-01"}', 2);

-- ============================================================
-- 7 Users
-- ============================================================
INSERT INTO users (id, org_id, name, role, department, ceiling_level, write_ceiling, compliance_clearance) VALUES
('U-PRIYA',  'supra', 'Nurse Priya',       'VIEWER',  'ortho',     10, NULL, '{}'),
('U-VIKRAM', 'supra', 'Dr. Vikram (HOD)',   'HOD',     'ortho',      4, 4,    '{}'),
('U-ANANYA', 'supra', 'Dr. Ananya',         'EDITOR',  'medicine',   8, 8,    '{}'),
('U-SHARMA', 'supra', 'Dr. Sharma (HOD)',   'HOD',     'medicine',   4, 4,    '{}'),
('U-RAVI',   'supra', 'Pharmacist Ravi',    'VIEWER',  'pharmacy',  12, NULL, '{}'),
('U-SUNITA', 'supra', 'Dr. Sunita (QA)',    'QUALITY', 'quality',    6, 8,    '{"MNPI"}'),
('U-SURESH', 'supra', 'Admin Suresh',       'ADMIN',   'admin',      1, 1,    '{"MNPI", "PHI", "CONFIDENTIAL"}');

-- ============================================================
-- ZONE 2: GLOBAL NODES (10 nodes)
-- ============================================================
INSERT INTO knowledge_nodes (id, org_id, hierarchy_level_id, type, title, content, importance, zone, status, derivability_score, compliance_tags, department) VALUES
('N-G01', 'supra', 'HL-GLOBAL', 'CONSTRAINT', 'Warfarin-NSAID Interaction',
 'CRITICAL: Never prescribe NSAIDs to patients on Warfarin. Risk of life-threatening GI bleed. Alternative: Paracetamol for pain, PPI cover if anti-inflammatory needed.',
 0.98, 2, 'ACTIVE', 0.15, '{}', NULL),
('N-G02', 'supra', 'HL-GLOBAL', 'CONSTRAINT', 'Penicillin Allergy Cross-Reactivity',
 'Patients with documented penicillin allergy: 10% cross-reactivity with 1st-gen cephalosporins, <2% with 3rd-gen. Use azithromycin as first-line alternative.',
 0.95, 2, 'ACTIVE', 0.20, '{}', NULL),
('N-G03', 'supra', 'HL-GLOBAL', 'CONSTRAINT', 'Blood Transfusion Two-Person Verification',
 'ALL blood transfusions require two-person verification of patient identity, blood type, and unit number.',
 0.97, 2, 'ACTIVE', 0.10, '{}', NULL),
('N-G04', 'supra', 'HL-GLOBAL', 'CONSTRAINT', 'Hand Hygiene 5-Moment Compliance',
 'WHO 5-moment hand hygiene compliance is mandatory. Supra target: 95%. Current: 88%.',
 0.90, 2, 'ACTIVE', 0.75, '{}', NULL),
('N-G05', 'supra', 'HL-GLOBAL', 'ANTI_PATTERN', 'Verbal Orders Without Documentation',
 'NEVER accept verbal orders for medication changes without written/electronic confirmation within 1 hour.',
 0.92, 2, 'ACTIVE', 0.12, '{}', NULL),
('N-G06', 'supra', 'HL-GLOBAL', 'CONSTRAINT', 'Patient Identification Two-Identifier Rule',
 'Verify patient identity with TWO identifiers before any procedure, medication, or blood draw.',
 0.93, 2, 'ACTIVE', 0.80, '{}', NULL),
('N-G07', 'supra', 'HL-GLOBAL', 'FACT', 'Supra Hospital Emergency Codes',
 'Code Blue: cardiac arrest. Code Red: fire. Code Pink: infant abduction. Code Grey: combative patient. Code Orange: mass casualty.',
 0.70, 2, 'ACTIVE', 0.18, '{}', NULL),
('N-G08', 'supra', 'HL-GLOBAL', 'CONSTRAINT', 'Antibiotic Stewardship 72-Hour Review',
 'All empiric antibiotics must be reviewed at 72 hours. De-escalate based on culture results.',
 0.88, 2, 'ACTIVE', 0.25, '{}', NULL),
('N-G09', 'supra', 'HL-GLOBAL', 'CONSTRAINT', 'Fall Risk Assessment on Admission',
 'Every patient assessed for fall risk using Morse Fall Scale on admission and every shift change.',
 0.85, 2, 'ACTIVE', 0.55, '{}', NULL),
('N-G10', 'supra', 'HL-GLOBAL', 'FACT', 'Supra Formulary Preferred Brands',
 'Supra formulary preferred brands: Paracetamol (Calpol/Dolo), Omeprazole (Omez), Amoxicillin (Mox), Metformin (Glycomet).',
 0.65, 2, 'ACTIVE', 0.30, '{}', NULL),

('N-O01', 'supra', 'HL-05-ORTHO', 'CONSTRAINT', 'Post-Op Vitals Monitoring',
 'Post-operative vitals recorded every 15 minutes for first 4 hours, then hourly for 24 hours. Include neurovascular check for all limb surgeries.',
 0.94, 1, 'ACTIVE', 0.35, '{}', 'ortho'),
('N-O02', 'supra', 'HL-08-ORTHO-TKR', 'DECISION', 'Paracetamol First-Line Post-TKR',
 'Supra Ortho uses Paracetamol 650mg QDS as first-line post-TKR pain management. Escalation: Tramadol 50mg if VAS > 6. AVOID NSAIDs due to bleeding risk.',
 0.88, 1, 'ACTIVE', 0.08, '{}', 'ortho'),
('N-O03', 'supra', 'HL-08-ORTHO-TKR', 'ANTI_PATTERN', 'Never Discharge TKR Under 48 Hours',
 'Do NOT discharge TKR patients before 48 hours post-op. Minimum 48 hours with physiotherapy assessment before discharge.',
 0.91, 1, 'ACTIVE', 0.10, '{}', 'ortho'),
('N-O04', 'supra', 'HL-05-ORTHO', 'DECISION', 'Zimmer Implant Preference',
 'Supra Ortho Department uses Zimmer Biomet as preferred TKR implant vendor. Alternative: Smith & Nephew for revision cases only.',
 0.72, 1, 'ACTIVE', 0.05, '{}', 'ortho'),
('N-O05', 'supra', 'HL-10-ORTHO-W', 'FACT', 'Ortho Ward Bed Capacity',
 'Ortho Ward: 45 beds. 12 post-surgical, 8 traction, 25 general ortho. Usual occupancy: 85-90%.',
 0.50, 1, 'ACTIVE', 0.40, '{}', 'ortho'),
('N-O06', 'supra', 'HL-05-ORTHO', 'CONSTRAINT', 'DVT Prophylaxis Protocol',
 'ALL ortho surgical patients receive DVT prophylaxis: Enoxaparin 40mg SC daily starting 12 hours post-op. Duration: 14 days for TKR.',
 0.93, 1, 'ACTIVE', 0.30, '{}', 'ortho'),
('N-O07', 'supra', 'HL-08-ORTHO-GEN', 'DECISION', 'Fracture X-Ray Protocol',
 'All suspected fractures: minimum 2 views (AP + lateral). Joint involvement: add oblique view.',
 0.75, 1, 'ACTIVE', 0.60, '{}', 'ortho'),
('N-O08', 'supra', 'HL-10-ORTHO-W', 'FACT', 'Ortho Ward Nurse-Patient Ratio',
 'Ortho Ward nurse-patient ratio: 1:6 (day), 1:8 (night). Post-surgical first 24 hours: 1:4.',
 0.55, 1, 'ACTIVE', 0.35, '{}', 'ortho'),
('N-O09', 'supra', 'HL-08-POST-TKR', 'CONSTRAINT', 'Post-TKR Physiotherapy Start',
 'Physiotherapy MUST begin within 24 hours of TKR. Day 1: ankle pumps, static quads. Day 2: CPM machine, assisted standing.',
 0.90, 1, 'ACTIVE', 0.20, '{}', 'ortho'),
('N-O10', 'supra', 'HL-05-ORTHO', 'ANTI_PATTERN', 'Weight-Bearing Before X-Ray Confirmation',
 'NEVER allow weight-bearing on a fractured limb before X-ray confirmation of alignment.',
 0.89, 1, 'ACTIVE', 0.15, '{}', 'ortho'),
('N-O11', 'supra', 'HL-05-ORTHO', 'DECISION', 'Ortho Department Budget Allocation 2026',
 'FY 2026 budget: 4.2 Cr. Implants: 45%, Staffing: 30%, Equipment: 15%, Training: 10%. New arthroscopy equipment approved Q3.',
 0.70, 1, 'ACTIVE', 0.05, '{"MNPI"}', 'ortho'),
('N-O12', 'supra', 'HL-05-ORTHO', 'DECISION', 'Ortho Vendor Negotiation Strategy',
 'Renegotiate Zimmer contract in July 2026. Target: 12% discount on volume commitment of 200+ implants.',
 0.65, 1, 'ACTIVE', 0.03, '{"MNPI", "CONFIDENTIAL"}', 'ortho'),
('N-O13', 'supra', 'HL-12-RAJAN', 'FACT', 'Patient Rajan: Warfarin History',
 'Rajan, 68M. On Warfarin 5mg daily for AF. INR target 2.0-3.0. GI bleed history 2024. STRICTLY NO NSAIDs.',
 0.88, 1, 'ACTIVE', 0.02, '{}', 'ortho'),
('N-O14', 'supra', 'HL-12-RAJAN', 'CONSTRAINT', 'Patient Rajan: Absolute NSAID Contraindication',
 'ABSOLUTE CONTRAINDICATION: No ibuprofen, no aspirin, no diclofenac for patient Rajan. Use Paracetamol ONLY for pain.',
 0.99, 1, 'ACTIVE', 0.01, '{}', 'ortho'),
('N-O15', 'supra', 'HL-10-ORTHO-W', 'DECISION', 'Ortho Night Shift Handover Protocol',
 'Night shift handover: 15-minute structured handover using SBAR format.',
 0.72, 1, 'ACTIVE', 0.45, '{}', 'ortho'),

('N-M01', 'supra', 'HL-05-MED', 'CONSTRAINT', 'Diabetic Fasting Protocol',
 'For diabetic patients observing religious fasts: adjust insulin timing, NOT dose. Monitor BG q4h.',
 0.90, 1, 'ACTIVE', 0.15, '{}', 'medicine'),
('N-M02', 'supra', 'HL-05-MED', 'DECISION', 'Sepsis Protocol v3 2026',
 'Supra Sepsis Bundle v3: blood cultures before antibiotics, lactate within 1 hour, 30mL/kg crystalloid for hypotension.',
 0.95, 1, 'ACTIVE', 0.25, '{}', 'medicine'),
('N-M03', 'supra', 'HL-08-MED-GEN', 'ANTI_PATTERN', 'Insulin Sliding Scale Alone',
 'Do NOT use insulin sliding scale as sole glycemic management. Always include basal insulin.',
 0.87, 1, 'ACTIVE', 0.30, '{}', 'medicine'),
('N-M04', 'supra', 'HL-12-PADMA', 'FACT', 'Patient Padma: DM Fasting Patterns',
 'Padma, 62F. Type 2 DM on Metformin 1000mg BD + Glimepiride 2mg. Adjusted protocol: skip Glimepiride on fast days.',
 0.82, 1, 'ACTIVE', 0.02, '{}', 'medicine'),
('N-M05', 'supra', 'HL-10-MED-W', 'DECISION', 'Medicine Ward IV Antibiotic Audit',
 'Weekly IV antibiotic audit by pharmacy team. Target: 80% appropriate prescribing. Current: 74%.',
 0.68, 1, 'ACTIVE', 0.20, '{}', 'medicine'),
('N-M06', 'supra', 'HL-05-MED', 'CONSTRAINT', 'Contrast Allergy Pre-Treatment',
 'Patients with documented contrast allergy: pre-treat with Hydrocortisone 200mg IV + Chlorpheniramine 10mg IV, 1 hour before procedure.',
 0.88, 1, 'ACTIVE', 0.35, '{}', 'medicine'),
('N-M07', 'supra', 'HL-05-MED', 'FACT', 'Medicine Department Specialty Clinics',
 'Medicine outpatient specialty clinics: DM clinic (Mon/Wed), Hypertension clinic (Tue/Thu), Respiratory clinic (Fri).',
 0.45, 1, 'ACTIVE', 0.50, '{}', 'medicine'),
('N-M08', 'supra', 'HL-05-MED', 'DECISION', 'Sepsis Protocol v2 2024 (SUPERSEDED)',
 'OLD: Supra Sepsis Bundle v2 (2024): blood cultures before antibiotics, lactate within 3 hours. SUPERSEDED by v3.',
 0.95, 1, 'SUPERSEDED', 0.25, '{}', 'medicine'),

('N-C01', 'supra', 'HL-05-CARDIO', 'CONSTRAINT', 'Cardiac Catheterization Consent',
 'Written informed consent required minimum 4 hours before cardiac catheterization.',
 0.92, 1, 'ACTIVE', 0.30, '{}', 'cardiology'),
('N-C02', 'supra', 'HL-08-CARDIO-CCU', 'DECISION', 'CCU Troponin Protocol',
 'Serial troponin at 0, 3, 6 hours for STEMI rule-out. Supra uses Abbott hs-cTnI assay.',
 0.90, 1, 'ACTIVE', 0.35, '{}', 'cardiology'),
('N-C03', 'supra', 'HL-05-CARDIO', 'ANTI_PATTERN', 'Discharge Without ECHO After First MI',
 'NEVER discharge a first MI patient without echocardiography.',
 0.93, 1, 'ACTIVE', 0.15, '{}', 'cardiology'),
('N-C04', 'supra', 'HL-05-CARDIO', 'FACT', 'Cardiology Research Trial: ATOM-2026',
 'Ongoing trial: ATOM-2026. 50 patients enrolled. Comparing 40mg vs 80mg post-MI. CONFIDENTIAL until publication.',
 0.60, 1, 'ACTIVE', 0.05, '{"MNPI", "CONFIDENTIAL"}', 'cardiology'),
('N-C05', 'supra', 'HL-05-CARDIO', 'DECISION', 'Dual Antiplatelet Duration Post-Stent',
 'Supra Cardiology: DAPT for 12 months post-DES. High bleeding risk: consider 6 months.',
 0.87, 1, 'ACTIVE', 0.40, '{}', 'cardiology'),

('N-P01', 'supra', 'HL-05-PAEDS', 'CONSTRAINT', 'Paediatric Drug Dose Weight-Based',
 'ALL paediatric drug doses must be weight-based (mg/kg). NEVER use adult fixed doses for children.',
 0.96, 1, 'ACTIVE', 0.50, '{}', 'paediatrics'),
('N-P02', 'supra', 'HL-10-PAEDS-W', 'DECISION', 'Paeds Ward Visiting Hours Extension',
 'Paeds Ward: parents allowed 24/7. One parent can stay overnight.',
 0.60, 1, 'ACTIVE', 0.15, '{}', 'paediatrics'),
('N-P03', 'supra', 'HL-05-PAEDS', 'ANTI_PATTERN', 'Penicillin in Known Allergy Child',
 'CRITICAL: Patient Aadhya has documented penicillin allergy. DO NOT prescribe any penicillin-class antibiotic.',
 0.99, 1, 'ACTIVE', 0.05, '{}', 'paediatrics'),

('N-A01', 'supra', 'HL-01', 'DECISION', 'Hospital Expansion Plan 2026-2028',
 'Board-approved: 80 additional beds by Q4 2027. Total investment: 85 Cr. STRICTLY CONFIDENTIAL.',
 0.80, 1, 'ACTIVE', 0.02, '{"MNPI", "CONFIDENTIAL"}', NULL),
('N-A02', 'supra', 'HL-01', 'DECISION', 'Staff Salary Restructuring 2026',
 'HR approved: 12% salary increase for nurses (effective July 2026), 8% for technicians.',
 0.75, 1, 'ACTIVE', 0.01, '{"MNPI", "CONFIDENTIAL"}', NULL),
('N-A03', 'supra', 'HL-03-ADMIN', 'FACT', 'Hospital Accreditation Status',
 'NABH accreditation: valid until March 2027. Next assessment: October 2026.',
 0.70, 1, 'ACTIVE', 0.20, '{}', NULL),
('N-A04', 'supra', 'HL-01', 'CONSTRAINT', 'Legal Case: Rajan Medico-Legal Hold',
 'LEGAL HOLD: All records related to patient Rajan are under medico-legal hold. NO modification, NO deletion.',
 0.95, 1, 'LEGAL_HOLD', 0.01, '{"CONFIDENTIAL"}', NULL),

('N-D01', 'supra', 'HL-05-ORTHO', 'FACT', 'What is a Total Knee Replacement',
 'Total knee replacement (TKR) is a surgical procedure where damaged knee joint surfaces are replaced with artificial components.',
 0.40, 1, 'ACTIVE', 0.92, '{}', 'ortho'),
('N-D02', 'supra', 'HL-05-MED', 'FACT', 'Paracetamol Mechanism of Action',
 'Paracetamol is an analgesic and antipyretic. Standard adult dose: 500-1000mg every 4-6 hours, max 4g/day.',
 0.35, 1, 'ACTIVE', 0.95, '{}', 'medicine'),
('N-D03', 'supra', 'HL-GLOBAL', 'FACT', 'Normal Vital Sign Ranges Adult',
 'Normal adult vital signs: HR 60-100 bpm, BP 120/80 mmHg, RR 12-20/min, SpO2 >95%, Temp 36.1-37.2C.',
 0.30, 1, 'ACTIVE', 0.98, '{}', NULL),
('N-D04', 'supra', 'HL-05-ORTHO', 'FACT', 'What is Deep Vein Thrombosis',
 'Deep vein thrombosis (DVT) is a blood clot in a deep vein, usually in the legs.',
 0.35, 1, 'ACTIVE', 0.93, '{}', 'ortho'),
('N-D05', 'supra', 'HL-05-MED', 'FACT', 'What is Type 2 Diabetes Mellitus',
 'Type 2 diabetes mellitus is a chronic condition where the body becomes resistant to insulin.',
 0.30, 1, 'ACTIVE', 0.96, '{}', 'medicine');

-- ============================================================
-- Typed Edges Between Nodes
-- ============================================================
INSERT INTO edges (source_id, target_id, edge_type) VALUES
('N-O02', 'N-O01', 'SUPPORTS'),
('N-O06', 'N-O01', 'SUPPORTS'),
('N-O09', 'N-O03', 'SUPPORTS'),
('N-G01', 'N-O14', 'SUPPORTS'),
('N-O03', 'N-O01', 'DERIVED_FROM'),
('N-O14', 'N-G01', 'DERIVED_FROM'),
('N-M02', 'N-M08', 'SUPERSEDES'),
('N-D01', 'N-O02', 'SUPPORTS'),
('N-O02', 'N-O06', 'REQUIRES'),
('N-C02', 'N-C01', 'REQUIRES');